column_name,data_type,total_rows,missing_count,missing_pct,unique_count,status
inspection_id,int64,315963,0,0.0,315963,CLEAN
dba_name,str,315963,0,0.0,34637,CLEAN
aka_name,str,315963,0,0.0,33647,CLEAN
license_num,int64,315963,0,0.0,49130,CLEAN
facility_type,str,315963,0,0.0,293,CLEAN
risk,str,315963,0,0.0,4,CLEAN
address,str,315963,3,0.0,20328,CONTROLLED_NULLS
city,str,315963,0,0.0,80,CLEAN
state,str,315963,0,0.0,7,CLEAN
zip,float64,315963,42,0.01,139,CONTROLLED_NULLS
inspection_date,datetime64[us],315963,0,0.0,4213,CLEAN
inspection_type,str,315963,1,0.0,98,CONTROLLED_NULLS
results,str,315963,0,0.0,7,CLEAN
violations,str,315963,0,0.0,225171,CLEAN
latitude,float64,315963,1051,0.33,18952,CONTROLLED_NULLS
longitude,float64,315963,1051,0.33,18952,CONTROLLED_NULLS
location,str,315963,1051,0.33,18952,CONTROLLED_NULLS
inspection_year,int64,315963,0,0.0,17,CLEAN
inspection_month,int64,315963,0,0.0,12,CLEAN
inspection_day_of_week,str,315963,0,0.0,7,CLEAN
